<?xml version="1.0"?>
<doc>
    <assembly>
        <name>HBRS</name>
    </assembly>
    <members>
        <member name="P:HBRS.frmCheckin.Default">
            <summary>
            Added by the VB.Net to C# Converter to support default instance behavour in C#
            </summary>
        </member>
        <member name="P:HBRS.frmRoom.Default">
            <summary>
            Added by the VB.Net to C# Converter to support default instance behavour in C#
            </summary>
        </member>
        <member name="P:HBRS.frmSelectGuest.Default">
            <summary>
            Added by the VB.Net to C# Converter to support default instance behavour in C#
            </summary>
        </member>
        <member name="T:My.Resources.Resources">
            <summary>
              Класс ресурса со строгой типизацией для поиска локализованных строк и т.д.
            </summary>
        </member>
        <member name="P:My.Resources.Resources.ResourceManager">
            <summary>
              Возвращает кэшированный экземпляр ResourceManager, использованный этим классом.
            </summary>
        </member>
        <member name="P:My.Resources.Resources.Culture">
            <summary>
              Перезаписывает свойство CurrentUICulture текущего потока для всех
              обращений к ресурсу с помощью этого класса ресурса со строгой типизацией.
            </summary>
        </member>
        <member name="P:My.Resources.Resources.guest">
            <summary>
              Поиск локализованного ресурса типа System.Drawing.Bitmap.
            </summary>
        </member>
    </members>
</doc>
